iteration	score	passed	total	action	summary
0	0.2500	5	20	baseline	failed: What is the sum of all prime numbers bet; What is the value of 17^5 mod 13?; What is the sum of all digits of 99^99?  (+12 more)
1	0.2000	4	20	revert	failed: What is the sum of all prime numbers bet; What is the value of 17^5 mod 13?; What is the sum of all digits of 99^99?  (+13 more)
2	0.4000	8	20	keep	failed: What is the sum of all prime numbers bet; What is the value of 17^5 mod 13?; What is the sum of all digits of 99^99?  (+9 more)
3	0.2000	4	20	revert	failed: What is the sum of all prime numbers bet; What is the value of 17^5 mod 13?; What is the sum of all digits of 99^99?  (+13 more)
4	0.3000	6	20	revert	failed: What is the sum of all prime numbers bet; What is the value of 17^5 mod 13?; What is the sum of all digits of 99^99?  (+11 more)
5	0.1500	3	20	revert	failed: What is the sum of all prime numbers bet; What is the value of 17^5 mod 13?; What is the sum of all digits of 99^99?  (+14 more)
6	0.2000	4	20	revert	failed: What is the sum of all prime numbers bet; What is the value of 17^5 mod 13?; What is the sum of all digits of 99^99?  (+13 more)
7	0.2000	4	20	revert	failed: What is the sum of all prime numbers bet; What is the value of 17^5 mod 13?; What is the sum of all digits of 99^99?  (+13 more)
8	0.0000	0	20	revert	failed: What is the sum of all prime numbers bet; How many distinct prime factors does 2^1; What is the value of 17^5 mod 13? (+17 more)
9	0.3000	6	20	revert	failed: What is the sum of all prime numbers bet; What is the value of 17^5 mod 13?; What is the sum of all digits of 99^99?  (+11 more)
10	0.3000	6	20	revert	failed: What is the sum of all prime numbers bet; What is the value of 17^5 mod 13?; What is the sum of all digits of 99^99?  (+11 more)
11	0.2000	4	20	revert	failed: What is the sum of all prime numbers bet; What is the value of 17^5 mod 13?; What is the sum of all digits of 99^99?  (+13 more)
12	0.2500	5	20	revert	failed: What is the sum of all prime numbers bet; What is the value of 17^5 mod 13?; What is the sum of all digits of 99^99?  (+12 more)
13	0.3500	7	20	revert	failed: What is the sum of all prime numbers bet; What is the value of 17^5 mod 13?; What is the sum of all digits of 99^99?  (+10 more)
14	0.2500	5	20	revert	failed: What is the sum of all prime numbers bet; What is the value of 17^5 mod 13?; What is the sum of all digits of 99^99?  (+12 more)
